<?xml version='1.0' encoding='UTF-8' ?>
<timeLogEntries>
  <time id="1" path="/Non Project/new/PSP0/Code" start="@1600734307186" delta="93" />
  <time id="2" path="/Non Project/new/PSP0/Code" start="@1600741981183" delta="41" />
  <time id="3" path="/Non Project/new/PSP0/Test" start="@1601336810590" delta="81" />
  <time id="4" path="/Non Project/new/PSP0/Design" start="@1601355251753" delta="31" />
  <time id="5" path="/Non Project/new/PSP0/Design" start="@1601360633977" delta="4" />
  <time id="6" path="/Non Project/new/PSP0/Code" start="@1601433534364" delta="46" />
  <time id="7" path="/Non Project/new/PSP0/Code" start="@1601437446791" delta="20" interrupt="4" />
  <time id="8" path="/Non Project/new/PSP0/Design" start="@1601490919646" delta="17" />
  <time id="9" path="/Non Project/new/PSP0/Design" start="@1601495005794" delta="10" />
  <time id="10" path="/Non Project/new/PSP0/Code" start="@1601495801633" delta="3" />
  <time id="11" path="/Non Project/new/PSP0/Design" start="@1613861628444" delta="7" interrupt="23" />
  <time id="12" path="/Non Project/new/PSP0/Design" start="@1613863771848" delta="3" />
</timeLogEntries>
